"database","mature_mirna_id","target_symbol","target_entrez","target_ensembl","experiment","pubmed_id"
"mirecords","hsa-miR-215-5p","DHFR","1719","ENSG00000228716","Western blot//Luciferase activity assay","20433742"
"mirecords","hsa-miR-215-5p","TYMS","7298","ENSG00000176890","Western blot//Luciferase activity assay","20433742"
"mirecords","hsa-miR-215-5p","TYMS","7298","ENSG00000176890","Western blot//Luciferase activity assay","20433742"
"mirecords","hsa-miR-215-5p","DTL","51514","ENSG00000143476","Western blot","20433742"
"mirecords","hsa-miR-215-5p","WNK1","65125","ENSG00000060237","Western blot//Luciferase activity assay","20813867"
"mirtarbase","hsa-miR-215-5p","ACADSB","36","ENSG00000196177","Microarray","19074876"
"mirtarbase","hsa-miR-215-5p","ACVR2B","93","ENSG00000114739","Luciferase reporter assay//Western blot","22431721"
"mirtarbase","hsa-miR-215-5p","AGL","178","ENSG00000162688","Microarray","19074876"
"mirtarbase","hsa-miR-215-5p","ALCAM","214","ENSG00000170017","Microarray","19074876"
"mirtarbase","hsa-miR-215-5p","ALCAM","214","ENSG00000170017","Immunohistochemistry//Luciferase reporter assay//Microarray//qRT-PCR//Western blot","21119604"
"mirtarbase","hsa-miR-215-5p","ALDH9A1","223","ENSG00000143149","Microarray","19074876"
"mirtarbase","hsa-miR-215-5p","ANG","283","ENSG00000214274","Microarray","19074876"
"mirtarbase","hsa-miR-215-5p","APC","324","ENSG00000134982","Microarray","19074876"
"mirtarbase","hsa-miR-215-5p","XIAP","331","ENSG00000101966","Microarray","19074876"
"mirtarbase","hsa-miR-215-5p","XIAP","331","ENSG00000101966","qRT-PCR//Luciferase reporter assay//Immunohistochemistry//Western blot","25444916"
"mirtarbase","hsa-miR-215-5p","XIAP","331","ENSG00000101966","qRT-PCR","26676658"
"mirtarbase","hsa-miR-215-5p","TRIM23","373","ENSG00000113595","Microarray","19074876"
"mirtarbase","hsa-miR-215-5p","ASPH","444","ENSG00000198363","Microarray","19074876"
"mirtarbase","hsa-miR-215-5p","ATF1","466","ENSG00000123268","Microarray","19074876"
"mirtarbase","hsa-miR-215-5p","BARD1","580","ENSG00000138376","Microarray","19074876"
"mirtarbase","hsa-miR-215-5p","BCL2","596","ENSG00000171791","Microarray","19074876"
"mirtarbase","hsa-miR-215-5p","BLM","641","ENSG00000197299","Microarray","19074876"
"mirtarbase","hsa-miR-215-5p","BMPR2","659","ENSG00000204217","Microarray","19074876"
"mirtarbase","hsa-miR-215-5p","DST","667","ENSG00000151914","Microarray","19074876"
"mirtarbase","hsa-miR-215-5p","BRCA1","672","ENSG00000012048","Microarray","19074876"
"mirtarbase","hsa-miR-215-5p","BRCA2","675","ENSG00000139618","Microarray","19074876"
"mirtarbase","hsa-miR-215-5p","BTC","685","ENSG00000174808","Microarray","19074876"
"mirtarbase","hsa-miR-215-5p","BUB1B","701","ENSG00000156970","Microarray","19074876"
"mirtarbase","hsa-miR-215-5p","CA8","767","ENSG00000178538","Microarray","19074876"
"mirtarbase","hsa-miR-215-5p","CAMK4","814","ENSG00000152495","Microarray","19074876"
"mirtarbase","hsa-miR-215-5p","CASP7","840","ENSG00000165806","Microarray","19074876"
"mirtarbase","hsa-miR-215-5p","RUNX1","861","ENSG00000159216","Immunohistochemistry//Luciferase reporter assay//qRT-PCR//Western blot","26716895"
"mirtarbase","hsa-miR-215-5p","CCNE1","898","ENSG00000105173","Microarray","19074876"
"mirtarbase","hsa-miR-215-5p","CDC20","991","ENSG00000117399","Microarray","19074876"
"mirtarbase","hsa-miR-215-5p","CDKN2A","1029","ENSG00000147889","Microarray","19074876"
"mirtarbase","hsa-miR-215-5p","CDKN2D","1032","ENSG00000129355","Microarray","19074876"
"mirtarbase","hsa-miR-215-5p","CDKN3","1033","ENSG00000100526","Microarray","19074876"
"mirtarbase","hsa-miR-215-5p","CENPA","1058","ENSG00000115163","Microarray","19074876"
"mirtarbase","hsa-miR-215-5p","CENPE","1062","ENSG00000138778","Microarray","19074876"
"mirtarbase","hsa-miR-215-5p","CENPF","1063","ENSG00000117724","Microarray","19074876"
"mirtarbase","hsa-miR-215-5p","CFL2","1073","ENSG00000165410","Microarray","19074876"
"mirtarbase","hsa-miR-215-5p","CHM","1121","ENSG00000188419","Microarray","19074876"
"mirtarbase","hsa-miR-215-5p","CHML","1122","ENSG00000203668","Microarray","19074876"
"mirtarbase","hsa-miR-215-5p","CLK1","1195","ENSG00000013441","Microarray","19074876"
"mirtarbase","hsa-miR-215-5p","CREBL2","1389","ENSG00000111269","Microarray","19074876"
"mirtarbase","hsa-miR-215-5p","CRK","1398","ENSG00000167193","Microarray","19074876"
"mirtarbase","hsa-miR-215-5p","CTH","1491","ENSG00000116761","Microarray","19074876"
"mirtarbase","hsa-miR-215-5p","CYP24A1","1591","ENSG00000019186","Microarray","19074876"
"mirtarbase","hsa-miR-215-5p","DBT","1629","ENSG00000137992","Microarray","19074876"
"mirtarbase","hsa-miR-215-5p","DDX3X","1654","ENSG00000215301","Microarray","19074876"
"mirtarbase","hsa-miR-215-5p","DDX6","1656","ENSG00000110367","PAR-CLIP","22012620"
"mirtarbase","hsa-miR-215-5p","COCH","1690","ENSG00000100473","Microarray","19074876"
"mirtarbase","hsa-miR-215-5p","DHCR24","1718","ENSG00000116133","Microarray","19074876"
"mirtarbase","hsa-miR-215-5p","SLC26A2","1836","ENSG00000155850","Microarray","19074876"
"mirtarbase","hsa-miR-215-5p","HBEGF","1839","ENSG00000113070","Microarray","19074876"
"mirtarbase","hsa-miR-215-5p","DYRK1A","1859","ENSG00000157540","Microarray","19074876"
"mirtarbase","hsa-miR-215-5p","ECT2","1894","ENSG00000114346","Microarray","19074876"
"mirtarbase","hsa-miR-215-5p","EEF1A2","1917","ENSG00000101210","Microarray","19074876"
"mirtarbase","hsa-miR-215-5p","EFNB2","1948","ENSG00000125266","Microarray","19074876"
"mirtarbase","hsa-miR-215-5p","EGR1","1958","ENSG00000120738","Microarray","19074876"
"mirtarbase","hsa-miR-215-5p","EML1","2009","ENSG00000066629","Microarray","19074876"
"mirtarbase","hsa-miR-215-5p","EPS8","2059","ENSG00000151491","Microarray","19074876"
"mirtarbase","hsa-miR-215-5p","ERCC3","2071","ENSG00000163161","Microarray","19074876"
"mirtarbase","hsa-miR-215-5p","EXTL2","2135","ENSG00000162694","Microarray","19074876"
"mirtarbase","hsa-miR-215-5p","FBN1","2200","ENSG00000166147","Microarray","19074876"
"mirtarbase","hsa-miR-215-5p","FEN1","2237","ENSG00000168496","Microarray","19074876"
"mirtarbase","hsa-miR-215-5p","GPC4","2239","ENSG00000076716","Microarray","19074876"
"mirtarbase","hsa-miR-215-5p","FGF2","2247","ENSG00000138685","Microarray","19074876"
"mirtarbase","hsa-miR-215-5p","FOXD1","2297","ENSG00000251493","Microarray","19074876"
"mirtarbase","hsa-miR-215-5p","FOS","2353","ENSG00000170345","Microarray","19074876"
"mirtarbase","hsa-miR-215-5p","CENPI","2491","ENSG00000102384","Microarray","19074876"
"mirtarbase","hsa-miR-215-5p","GABPB1","2553","ENSG00000104064","Microarray","19074876"
"mirtarbase","hsa-miR-215-5p","GABPB1","2553","ENSG00000104064","PAR-CLIP","22012620"
"mirtarbase","hsa-miR-215-5p","GATM","2628","ENSG00000171766","Microarray","19074876"
"mirtarbase","hsa-miR-215-5p","GCH1","2643","ENSG00000131979","Microarray","19074876"
"mirtarbase","hsa-miR-215-5p","GNRH1","2796","ENSG00000147437","Microarray","19074876"
"mirtarbase","hsa-miR-215-5p","GPR19","2842","ENSG00000183150","Microarray","19074876"
"mirtarbase","hsa-miR-215-5p","GPR37","2861","ENSG00000170775","Microarray","19074876"
"mirtarbase","hsa-miR-215-5p","MSH6","2956","ENSG00000116062","Microarray","19074876"
"mirtarbase","hsa-miR-215-5p","HADH","3033","ENSG00000138796","Microarray","19074876"
"mirtarbase","hsa-miR-215-5p","HAS3","3038","ENSG00000103044","Microarray","19074876"
"mirtarbase","hsa-miR-215-5p","UBE2K","3093","ENSG00000078140","PAR-CLIP","22100165"
"mirtarbase","hsa-miR-215-5p","HMMR","3161","ENSG00000072571","Microarray","19074876"
"mirtarbase","hsa-miR-215-5p","FOXA1","3169","ENSG00000129514","Microarray","19074876"
"mirtarbase","hsa-miR-215-5p","HOXA10","3206","ENSG00000253293","Microarray","19074876"
"mirtarbase","hsa-miR-215-5p","HOXA13","3209","ENSG00000106031","Microarray","19074876"
"mirtarbase","hsa-miR-215-5p","HOXB9","3219","ENSG00000170689","Microarray","19074876"
"mirtarbase","hsa-miR-215-5p","HSPA2","3306","ENSG00000126803","Microarray","19074876"
"mirtarbase","hsa-miR-215-5p","ID1","3397","ENSG00000125968","Microarray","19074876"
"mirtarbase","hsa-miR-215-5p","ID2","3398","ENSG00000115738","Microarray","19074876"
"mirtarbase","hsa-miR-215-5p","ID4","3400","ENSG00000172201","PAR-CLIP","20371350"
"mirtarbase","hsa-miR-215-5p","IDI1","3422","ENSG00000067064","Microarray","19074876"
"mirtarbase","hsa-miR-215-5p","IGF1R","3480","ENSG00000140443","Microarray","19074876"
"mirtarbase","hsa-miR-215-5p","IL1R1","3554","ENSG00000115594","Microarray","19074876"
"mirtarbase","hsa-miR-215-5p","IL1RAP","3556","ENSG00000196083","Microarray","19074876"
"mirtarbase","hsa-miR-215-5p","IL6R","3570","ENSG00000160712","HITS-CLIP","23313552"
"mirtarbase","hsa-miR-215-5p","IL6ST","3572","ENSG00000134352","Microarray","19074876"
"mirtarbase","hsa-miR-215-5p","IL7","3574","ENSG00000104432","Microarray","19074876"
"mirtarbase","hsa-miR-215-5p","IL15","3600","ENSG00000164136","Microarray","19074876"
"mirtarbase","hsa-miR-215-5p","IMPA1","3612","ENSG00000133731","Microarray","19074876"
"mirtarbase","hsa-miR-215-5p","INSIG1","3638","ENSG00000186480","Microarray","19074876"
"mirtarbase","hsa-miR-215-5p","IRAK1","3654","ENSG00000184216","Microarray","19074876"
"mirtarbase","hsa-miR-215-5p","ITGA3","3675","ENSG00000005884","PAR-CLIP","27292025"
"mirtarbase","hsa-miR-215-5p","ITGAV","3685","ENSG00000138448","Microarray","19074876"
"mirtarbase","hsa-miR-215-5p","ITGB1","3688","ENSG00000150093","Microarray","19074876"
"mirtarbase","hsa-miR-215-5p","KCNC3","3748","ENSG00000131398","HITS-CLIP","23824327"
"mirtarbase","hsa-miR-215-5p","KCNS3","3790","ENSG00000170745","Microarray","19074876"
"mirtarbase","hsa-miR-215-5p","KIF5B","3799","ENSG00000170759","Microarray","19074876"
"mirtarbase","hsa-miR-215-5p","KIF5C","3800","ENSG00000276734","Microarray","19074876"
"mirtarbase","hsa-miR-215-5p","KIF5C","3800","ENSG00000168280","Microarray","19074876"
"mirtarbase","hsa-miR-215-5p","KIFC1","3833","ENSG00000237649","Microarray","19074876"
"mirtarbase","hsa-miR-215-5p","KIFC1","3833","ENSG00000233450","Microarray","19074876"
"mirtarbase","hsa-miR-215-5p","KIFC1","3833","ENSG00000204197","Microarray","19074876"
"mirtarbase","hsa-miR-215-5p","KIFC1","3833","ENSG00000056678","Microarray","19074876"
"mirtarbase","hsa-miR-215-5p","LIMS1","3987","ENSG00000169756","Microarray","19074876"
"mirtarbase","hsa-miR-215-5p","LIPA","3988","ENSG00000107798","Microarray","19074876"
"mirtarbase","hsa-miR-215-5p","FADS1","3992","ENSG00000149485","Microarray","19074876"
"mirtarbase","hsa-miR-215-5p","LMAN1","3998","ENSG00000074695","Microarray","19074876"
"mirtarbase","hsa-miR-215-5p","LMNB1","4001","ENSG00000113368","Microarray","19074876"
"mirtarbase","hsa-miR-215-5p","MAD2L1","4085","ENSG00000164109","Microarray","19074876"
"mirtarbase","hsa-miR-215-5p","MAN2A2","4122","ENSG00000196547","Microarray","19074876"
"mirtarbase","hsa-miR-215-5p","MCAM","4162","ENSG00000076706","Microarray","19074876"
"mirtarbase","hsa-miR-215-5p","MCM3","4172","ENSG00000112118","Microarray","19074876"
"mirtarbase","hsa-miR-215-5p","MCM6","4175","ENSG00000076003","Microarray","19074876"
"mirtarbase","hsa-miR-215-5p","DNAJB9","4189","ENSG00000128590","Microarray","19074876"
"mirtarbase","hsa-miR-215-5p","MDM4","4194","ENSG00000198625","Microarray","19074876"
"mirtarbase","hsa-miR-215-5p","MEIS2","4212","ENSG00000134138","Microarray","19074876"
"mirtarbase","hsa-miR-215-5p","MELTF","4241","ENSG00000163975","Microarray","19074876"
"mirtarbase","hsa-miR-215-5p","MKI67","4288","ENSG00000148773","Microarray","19074876"
"mirtarbase","hsa-miR-215-5p","KMT2A","4297","ENSG00000118058","HITS-CLIP","23313552"
"mirtarbase","hsa-miR-215-5p","MSN","4478","ENSG00000147065","Microarray","19074876"
"mirtarbase","hsa-miR-215-5p","MT1F","4494","ENSG00000198417","Microarray","19074876"
"mirtarbase","hsa-miR-215-5p","MXI1","4601","ENSG00000119950","Microarray","19074876"
"mirtarbase","hsa-miR-215-5p","MYB","4602","ENSG00000118513","Microarray","19074876"
"mirtarbase","hsa-miR-215-5p","PPP1R12A","4659","ENSG00000058272","Microarray","19074876"
"mirtarbase","hsa-miR-215-5p","NAB1","4664","ENSG00000138386","Microarray","19074876"
"mirtarbase","hsa-miR-215-5p","NBN","4683","ENSG00000104320","Microarray","19074876"
"mirtarbase","hsa-miR-215-5p","NCBP1","4686","ENSG00000136937","Microarray","19074876"
"mirtarbase","hsa-miR-215-5p","NID1","4811","ENSG00000116962","Luciferase reporter assay//qRT-PCR//Western blot","25857602"
"mirtarbase","hsa-miR-215-5p","NKX3-1","4824","ENSG00000167034","Microarray","19074876"
"mirtarbase","hsa-miR-215-5p","NSF","4905","ENSG00000276262","Microarray","19074876"
"mirtarbase","hsa-miR-215-5p","NSF","4905","ENSG00000073969","Microarray","19074876"
"mirtarbase","hsa-miR-215-5p","NSF","4905","ENSG00000278174","Microarray","19074876"
"mirtarbase","hsa-miR-215-5p","NUCB2","4925","ENSG00000070081","Microarray","19074876"
"mirtarbase","hsa-miR-215-5p","OPA1","4976","ENSG00000198836","Microarray","19074876"
"mirtarbase","hsa-miR-215-5p","ORC1","4998","ENSG00000085840","Microarray","19074876"
"mirtarbase","hsa-miR-215-5p","ORC4","5000","ENSG00000115947","HITS-CLIP","23824327"
"mirtarbase","hsa-miR-215-5p","PAFAH1B1","5048","ENSG00000007168","Microarray","19074876"
"mirtarbase","hsa-miR-215-5p","PARN","5073","ENSG00000274829","Microarray","19074876"
"mirtarbase","hsa-miR-215-5p","PARN","5073","ENSG00000140694","Microarray","19074876"
"mirtarbase","hsa-miR-215-5p","PAWR","5074","ENSG00000177425","Microarray","19074876"
"mirtarbase","hsa-miR-215-5p","CDK14","5218","ENSG00000058091","Microarray","19074876"
"mirtarbase","hsa-miR-215-5p","PGM3","5238","ENSG00000013375","Microarray","19074876"
"mirtarbase","hsa-miR-215-5p","PIM1","5292","ENSG00000137193","Microarray","19074876"
"mirtarbase","hsa-miR-215-5p","PLAGL2","5326","ENSG00000126003","Microarray","19074876"
"mirtarbase","hsa-miR-215-5p","PLAU","5328","ENSG00000122861","Microarray","19074876"
"mirtarbase","hsa-miR-215-5p","PLOD1","5351","ENSG00000083444","Microarray","19074876"
"mirtarbase","hsa-miR-215-5p","PLS3","5358","ENSG00000102024","Microarray","19074876"
"mirtarbase","hsa-miR-215-5p","UBL3","5412","ENSG00000122042","Microarray","19074876"
"mirtarbase","hsa-miR-215-5p","PODXL","5420","ENSG00000128567","Microarray","19074876"
"mirtarbase","hsa-miR-215-5p","POU2F1","5451","ENSG00000143190","Microarray","19074876"
"mirtarbase","hsa-miR-215-5p","PPARG","5468","ENSG00000132170","Microarray","19074876"
"mirtarbase","hsa-miR-215-5p","PPAT","5471","ENSG00000128059","Microarray","19074876"
"mirtarbase","hsa-miR-215-5p","PPP1CA","5499","ENSG00000172531","Microarray","19074876"
"mirtarbase","hsa-miR-215-5p","PPP1CB","5500","ENSG00000213639","Microarray","19074876"
"mirtarbase","hsa-miR-215-5p","PRIM1","5557","ENSG00000198056","Microarray","19074876"
"mirtarbase","hsa-miR-215-5p","PRKAR1A","5573","ENSG00000108946","Microarray","19074876"
"mirtarbase","hsa-miR-215-5p","MAPK9","5601","ENSG00000050748","Microarray","19074876"
"mirtarbase","hsa-miR-215-5p","PRNP","5621","ENSG00000171867","Microarray","19074876"
"mirtarbase","hsa-miR-215-5p","PRPS2","5634","ENSG00000101911","Microarray","19074876"
"mirtarbase","hsa-miR-215-5p","LGMN","5641","ENSG00000100600","Microarray","19074876"
"mirtarbase","hsa-miR-215-5p","PSMB5","5693","ENSG00000100804","HITS-CLIP","27418678"
"mirtarbase","hsa-miR-215-5p","PTPRE","5791","ENSG00000132334","Microarray","19074876"
"mirtarbase","hsa-miR-215-5p","PTS","5805","ENSG00000150787","Microarray","19074876"
"mirtarbase","hsa-miR-215-5p","RAD1","5810","ENSG00000113456","Microarray","19074876"
"mirtarbase","hsa-miR-215-5p","RAB1A","5861","ENSG00000138069","Microarray","19074876"
"mirtarbase","hsa-miR-215-5p","RAB2A","5862","ENSG00000104388","Microarray","19074876"
"mirtarbase","hsa-miR-215-5p","RAB3B","5865","ENSG00000169213","Microarray","19074876"
"mirtarbase","hsa-miR-215-5p","RAB27A","5873","ENSG00000069974","Microarray","19074876"
"mirtarbase","hsa-miR-215-5p","RAD21","5885","ENSG00000164754","Microarray","19074876"
"mirtarbase","hsa-miR-215-5p","RAD51","5888","ENSG00000051180","Microarray","19074876"
"mirtarbase","hsa-miR-215-5p","RAP1GAP","5909","ENSG00000076864","Microarray","19074876"
"mirtarbase","hsa-miR-215-5p","RB1","5925","ENSG00000139687","Microarray","19074876"
"mirtarbase","hsa-miR-215-5p","RB1","5925","ENSG00000139687","Immunofluorescence//Luciferase reporter assay//Microarray//qRT-PCR//Western blot","23981575"
"mirtarbase","hsa-miR-215-5p","RECQL","5965","ENSG00000004700","Microarray","19074876"
"mirtarbase","hsa-miR-215-5p","RET","5979","ENSG00000165731","Microarray","19074876"
"mirtarbase","hsa-miR-215-5p","RFC4","5984","ENSG00000163918","Microarray","19074876"
"mirtarbase","hsa-miR-215-5p","RNASE4","6038","ENSG00000258818","Microarray","19074876"
"mirtarbase","hsa-miR-215-5p","RNASEL","6041","ENSG00000135828","Microarray","19074876"
"mirtarbase","hsa-miR-215-5p","RNF6","6049","ENSG00000127870","Microarray","19074876"
"mirtarbase","hsa-miR-215-5p","RPS6KB1","6198","ENSG00000108443","Microarray","19074876"
"mirtarbase","hsa-miR-215-5p","SCD","6319","ENSG00000099194","Microarray","19074876"
"mirtarbase","hsa-miR-215-5p","SGCB","6443","ENSG00000163069","Microarray","19074876"
"mirtarbase","hsa-miR-215-5p","STIL","6491","ENSG00000123473","Microarray","19074876"
"mirtarbase","hsa-miR-215-5p","SLC1A4","6509","ENSG00000115902","Microarray","19074876"
"mirtarbase","hsa-miR-215-5p","SMARCA2","6595","ENSG00000080503","Microarray","19074876"
"mirtarbase","hsa-miR-215-5p","SMARCB1","6598","ENSG00000099956","Microarray","19074876"
"mirtarbase","hsa-miR-215-5p","SMARCB1","6598","ENSG00000275837","Microarray","19074876"
"mirtarbase","hsa-miR-215-5p","SNRPD1","6632","ENSG00000167088","Microarray","19074876"
"mirtarbase","hsa-miR-215-5p","SOAT1","6646","ENSG00000057252","Microarray","19074876"
"mirtarbase","hsa-miR-215-5p","SPTBN1","6711","ENSG00000115306","Microarray","19074876"
"mirtarbase","hsa-miR-215-5p","SRD5A1","6715","ENSG00000145545","Microarray","19074876"
"mirtarbase","hsa-miR-215-5p","SSTR2","6752","ENSG00000180616","HITS-CLIP","27418678"
"mirtarbase","hsa-miR-215-5p","SS18","6760","ENSG00000141380","Microarray","19074876"
"mirtarbase","hsa-miR-215-5p","STK3","6788","ENSG00000104375","Microarray","19074876"
"mirtarbase","hsa-miR-215-5p","MED22","6837","ENSG00000148297","Microarray","19074876"
"mirtarbase","hsa-miR-215-5p","MED22","6837","ENSG00000281022","Microarray","19074876"
"mirtarbase","hsa-miR-215-5p","TBL1X","6907","ENSG00000101849","Microarray","19074876"
"mirtarbase","hsa-miR-215-5p","ELOA","6924","ENSG00000011007","Microarray","19074876"
"mirtarbase","hsa-miR-215-5p","HNF1B","6928","ENSG00000275410","Microarray","19074876"
"mirtarbase","hsa-miR-215-5p","HNF1B","6928","ENSG00000276194","Microarray","19074876"
"mirtarbase","hsa-miR-215-5p","TCF7","6932","ENSG00000081059","Microarray","19074876"
"mirtarbase","hsa-miR-215-5p","TDG","6996","ENSG00000139372","Microarray","19074876"
"mirtarbase","hsa-miR-215-5p","THBD","7056","ENSG00000178726","Microarray","19074876"
"mirtarbase","hsa-miR-215-5p","THOP1","7064","ENSG00000172009","Microarray","19074876"
"mirtarbase","hsa-miR-215-5p","KLF10","7071","ENSG00000155090","Microarray","19074876"
"mirtarbase","hsa-miR-215-5p","TMPO","7112","ENSG00000120802","Microarray","19074876"
"mirtarbase","hsa-miR-215-5p","TOP1","7150","ENSG00000198900","Microarray","19074876"
"mirtarbase","hsa-miR-215-5p","TPM4","7171","ENSG00000167460","Microarray","19074876"
"mirtarbase","hsa-miR-215-5p","TRPC1","7220","ENSG00000144935","Microarray","19074876"
"mirtarbase","hsa-miR-215-5p","TTK","7272","ENSG00000112742","Microarray","19074876"
"mirtarbase","hsa-miR-215-5p","TTPA","7274","ENSG00000137561","Microarray","19074876"
"mirtarbase","hsa-miR-215-5p","UBE2D1","7321","ENSG00000072401","Microarray","19074876"
"mirtarbase","hsa-miR-215-5p","UBE2D2","7322","ENSG00000131508","Microarray","19074876"
"mirtarbase","hsa-miR-215-5p","UBE2V2","7336","ENSG00000169139","Microarray","19074876"
"mirtarbase","hsa-miR-215-5p","UGT8","7368","ENSG00000174607","Microarray","19074876"
"mirtarbase","hsa-miR-215-5p","UNG","7374","ENSG00000076248","Microarray","19074876"
"mirtarbase","hsa-miR-215-5p","UPP1","7378","ENSG00000183696","Microarray","19074876"
"mirtarbase","hsa-miR-215-5p","USP1","7398","ENSG00000162607","Microarray","19074876"
"mirtarbase","hsa-miR-215-5p","UVRAG","7405","ENSG00000198382","Microarray","19074876"
"mirtarbase","hsa-miR-215-5p","TRPV1","7442","ENSG00000196689","Microarray","19074876"
"mirtarbase","hsa-miR-215-5p","NSD2","7468","ENSG00000109685","Microarray","19074876"
"mirtarbase","hsa-miR-215-5p","WNT3","7473","ENSG00000277641","Microarray","19074876"
"mirtarbase","hsa-miR-215-5p","WNT3","7473","ENSG00000108379","Microarray","19074876"
"mirtarbase","hsa-miR-215-5p","WNT3","7473","ENSG00000277626","Microarray","19074876"
"mirtarbase","hsa-miR-215-5p","WT1","7490","ENSG00000184937","PAR-CLIP","22012620"
"mirtarbase","hsa-miR-215-5p","XK","7504","ENSG00000047597","Microarray","19074876"
"mirtarbase","hsa-miR-215-5p","ZBTB14","7541","ENSG00000198081","Microarray","19074876"
"mirtarbase","hsa-miR-215-5p","ZNF45","7596","ENSG00000124459","Microarray","19074876"
"mirtarbase","hsa-miR-215-5p","ZNF85","7639","ENSG00000278091","Microarray","19074876"
"mirtarbase","hsa-miR-215-5p","ZNF85","7639","ENSG00000105750","Microarray","19074876"
"mirtarbase","hsa-miR-215-5p","ZNF165","7718","ENSG00000197279","Microarray","19074876"
"mirtarbase","hsa-miR-215-5p","ZNF184","7738","ENSG00000096654","Microarray","19074876"
"mirtarbase","hsa-miR-215-5p","ZNF200","7752","ENSG00000010539","Microarray","19074876"
"mirtarbase","hsa-miR-215-5p","ZNF215","7762","ENSG00000149054","Microarray","19074876"
"mirtarbase","hsa-miR-215-5p","ZNF226","7769","ENSG00000167380","Microarray","19074876"
"mirtarbase","hsa-miR-215-5p","ZNF230","7773","ENSG00000159882","Microarray","19074876"
"mirtarbase","hsa-miR-215-5p","LRP8","7804","ENSG00000157193","Microarray","19074876"
"mirtarbase","hsa-miR-215-5p","MANF","7873","ENSG00000145050","Microarray","19074876"
"mirtarbase","hsa-miR-215-5p","DEK","7913","ENSG00000124795","Microarray","19074876"
"mirtarbase","hsa-miR-215-5p","ALDH5A1","7915","ENSG00000112294","Microarray","19074876"
"mirtarbase","hsa-miR-215-5p","GPANK1","7918","ENSG00000228605","Microarray","19074876"
"mirtarbase","hsa-miR-215-5p","GPANK1","7918","ENSG00000204438","Microarray","19074876"
"mirtarbase","hsa-miR-215-5p","GPANK1","7918","ENSG00000206408","Microarray","19074876"
"mirtarbase","hsa-miR-215-5p","GPANK1","7918","ENSG00000223932","Microarray","19074876"
"mirtarbase","hsa-miR-215-5p","GPANK1","7918","ENSG00000232312","Microarray","19074876"
"mirtarbase","hsa-miR-215-5p","GPANK1","7918","ENSG00000236011","Microarray","19074876"
"mirtarbase","hsa-miR-215-5p","GPANK1","7918","ENSG00000233210","Microarray","19074876"
"mirtarbase","hsa-miR-215-5p","EPM2A","7957","ENSG00000112425","Microarray","19074876"
"mirtarbase","hsa-miR-215-5p","STAM","8027","ENSG00000136738","Microarray","19074876"
"mirtarbase","hsa-miR-215-5p","CUL5","8065","ENSG00000166266","Microarray","19074876"
"mirtarbase","hsa-miR-215-5p","NCOA3","8202","ENSG00000124151","Microarray","19074876"
"mirtarbase","hsa-miR-215-5p","NCOA3","8202","ENSG00000124151","PAR-CLIP","24398324"
"mirtarbase","hsa-miR-215-5p","CDC7","8317","ENSG00000097046","Microarray","19074876"
"mirtarbase","hsa-miR-215-5p","FZD1","8321","ENSG00000157240","Microarray","19074876"
"mirtarbase","hsa-miR-215-5p","FZD4","8322","ENSG00000174804","Microarray","19074876"
"mirtarbase","hsa-miR-215-5p","FZD7","8324","ENSG00000155760","Microarray","19074876"
"mirtarbase","hsa-miR-215-5p","PIP4K2B","8396","ENSG00000277292","Microarray","19074876"
"mirtarbase","hsa-miR-215-5p","PIP4K2B","8396","ENSG00000276293","Microarray","19074876"
"mirtarbase","hsa-miR-215-5p","STX7","8417","ENSG00000079950","Microarray","19074876"
"mirtarbase","hsa-miR-215-5p","TTF2","8458","ENSG00000116830","Microarray","19074876"
"mirtarbase","hsa-miR-215-5p","PKP4","8502","ENSG00000144283","Microarray","19074876"
"mirtarbase","hsa-miR-215-5p","ENC1","8507","ENSG00000171617","Microarray","19074876"
"mirtarbase","hsa-miR-215-5p","CDC14A","8556","ENSG00000079335","Microarray","19074876"
"mirtarbase","hsa-miR-215-5p","DEGS1","8560","ENSG00000143753","Microarray","19074876"
"mirtarbase","hsa-miR-215-5p","TMEFF1","8577","ENSG00000241697","Microarray","19074876"
"mirtarbase","hsa-miR-215-5p","B3GALNT1","8706","ENSG00000169255","Microarray","19074876"
"mirtarbase","hsa-miR-215-5p","TNFSF12","8742","ENSG00000239697","Microarray","19074876"
"mirtarbase","hsa-miR-215-5p","PABPC4","8761","ENSG00000090621","Microarray","19074876"
"mirtarbase","hsa-miR-215-5p","CD164","8763","ENSG00000135535","Microarray","19074876"
"mirtarbase","hsa-miR-215-5p","SAP30","8819","ENSG00000164105","Microarray","19074876"
"mirtarbase","hsa-miR-215-5p","HESX1","8820","ENSG00000163666","Microarray","19074876"
"mirtarbase","hsa-miR-215-5p","IQGAP1","8826","ENSG00000140575","Microarray","19074876"
"mirtarbase","hsa-miR-215-5p","KAT2B","8850","ENSG00000114166","Microarray","19074876"
"mirtarbase","hsa-miR-215-5p","FUBP1","8880","ENSG00000162613","Microarray","19074876"
"mirtarbase","hsa-miR-215-5p","AP1S2","8905","ENSG00000182287","Microarray","19074876"
"mirtarbase","hsa-miR-215-5p","MPZL1","9019","ENSG00000197965","Microarray","19074876"
"mirtarbase","hsa-miR-215-5p","SPAG9","9043","ENSG00000008294","Microarray","19074876"
"mirtarbase","hsa-miR-215-5p","USP14","9097","ENSG00000101557","Microarray","19074876"
"mirtarbase","hsa-miR-215-5p","NMI","9111","ENSG00000123609","Microarray","19074876"
"mirtarbase","hsa-miR-215-5p","SLC16A6","9120","ENSG00000108932","Microarray","19074876"
"mirtarbase","hsa-miR-215-5p","SYNGR1","9145","ENSG00000100321","Microarray","19074876"
"mirtarbase","hsa-miR-215-5p","SYNGR1","9145","ENSG00000100321","PAR-CLIP","22291592"
"mirtarbase","hsa-miR-215-5p","SLC16A7","9194","ENSG00000118596","Microarray","19074876"
"mirtarbase","hsa-miR-215-5p","LRRFIP1","9208","ENSG00000124831","Microarray","19074876"
"mirtarbase","hsa-miR-215-5p","LRRFIP2","9209","ENSG00000093167","Microarray","19074876"
"mirtarbase","hsa-miR-215-5p","DLG5","9231","ENSG00000274429","Microarray","19074876"
"mirtarbase","hsa-miR-215-5p","DLG5","9231","ENSG00000151208","Microarray","19074876"
"mirtarbase","hsa-miR-215-5p","CD83","9308","ENSG00000112149","Microarray","19074876"
"mirtarbase","hsa-miR-215-5p","MMP20","9313","ENSG00000137674","Microarray","19074876"
"mirtarbase","hsa-miR-215-5p","NREP","9315","ENSG00000134986","Microarray","19074876"
"mirtarbase","hsa-miR-215-5p","TRIP13","9319","ENSG00000071539","Microarray","19074876"
"mirtarbase","hsa-miR-215-5p","ZNHIT3","9326","ENSG00000278574","Microarray","19074876"
"mirtarbase","hsa-miR-215-5p","ZNHIT3","9326","ENSG00000273611","Microarray","19074876"
"mirtarbase","hsa-miR-215-5p","B4GALT6","9331","ENSG00000118276","Microarray","19074876"
"mirtarbase","hsa-miR-215-5p","ARHGAP29","9411","ENSG00000137962","Microarray","19074876"
"mirtarbase","hsa-miR-215-5p","MED21","9412","ENSG00000152944","PAR-CLIP","22100165"
"mirtarbase","hsa-miR-215-5p","FAM189A2","9413","ENSG00000135063","Microarray","19074876"
"mirtarbase","hsa-miR-215-5p","TJP2","9414","ENSG00000119139","Microarray","19074876"
"mirtarbase","hsa-miR-215-5p","EIF2AK3","9451","ENSG00000172071","Microarray","19074876"
"mirtarbase","hsa-miR-215-5p","AKAP7","9465","ENSG00000118507","Microarray","19074876"
"mirtarbase","hsa-miR-215-5p","KIF23","9493","ENSG00000137807","Microarray","19074876"
"mirtarbase","hsa-miR-215-5p","ATP6V1G1","9550","ENSG00000136888","Microarray","19074876"
"mirtarbase","hsa-miR-215-5p","KIF20B","9585","ENSG00000138182","Microarray","19074876"
"mirtarbase","hsa-miR-215-5p","MDC1","9656","ENSG00000224587","Microarray","19074876"
"mirtarbase","hsa-miR-215-5p","MDC1","9656","ENSG00000206481","Microarray","19074876"
"mirtarbase","hsa-miR-215-5p","MDC1","9656","ENSG00000237095","Microarray","19074876"
"mirtarbase","hsa-miR-215-5p","MDC1","9656","ENSG00000137337","Microarray","19074876"
"mirtarbase","hsa-miR-215-5p","MDC1","9656","ENSG00000234012","Microarray","19074876"
"mirtarbase","hsa-miR-215-5p","MDC1","9656","ENSG00000231135","Microarray","19074876"
"mirtarbase","hsa-miR-215-5p","MDC1","9656","ENSG00000225589","Microarray","19074876"
"mirtarbase","hsa-miR-215-5p","MDC1","9656","ENSG00000228575","Microarray","19074876"
"mirtarbase","hsa-miR-215-5p","DLGAP5","9787","ENSG00000126787","Microarray","19074876"
"mirtarbase","hsa-miR-215-5p","MTSS1","9788","ENSG00000170873","Microarray","19074876"
"mirtarbase","hsa-miR-215-5p","ARHGAP11A","9824","ENSG00000198826","Microarray","19074876"
"mirtarbase","hsa-miR-215-5p","ARHGAP11A","9824","ENSG00000275568","Microarray","19074876"
"mirtarbase","hsa-miR-215-5p","ZEB2","9839","ENSG00000169554","Microarray//qRT-PCR//Western blot","22033272"
"mirtarbase","hsa-miR-215-5p","GAB2","9846","ENSG00000033327","Microarray","19074876"
"mirtarbase","hsa-miR-215-5p","PPP1R26","9858","ENSG00000196422","Microarray","19074876"
"mirtarbase","hsa-miR-215-5p","PSMD6","9861","ENSG00000163636","Microarray","19074876"
"mirtarbase","hsa-miR-215-5p","SEC24D","9871","ENSG00000150961","Microarray","19074876"
"mirtarbase","hsa-miR-215-5p","FAM20B","9917","ENSG00000116199","Microarray","19074876"
"mirtarbase","hsa-miR-215-5p","KBTBD11","9920","ENSG00000176595","Microarray","19074876"
"mirtarbase","hsa-miR-215-5p","KBTBD11","9920","ENSG00000273645","Microarray","19074876"
"mirtarbase","hsa-miR-215-5p","KIF14","9928","ENSG00000118193","Microarray","19074876"
"mirtarbase","hsa-miR-215-5p","AMMECR1","9949","ENSG00000101935","Microarray","19074876"
"mirtarbase","hsa-miR-215-5p","ZBTB33","10009","ENSG00000177485","Microarray","19074876"
"mirtarbase","hsa-miR-215-5p","BCL2L11","10018","ENSG00000153094","PAR-CLIP","23592263"
"mirtarbase","hsa-miR-215-5p","BCL2L11","10018","ENSG00000153094","PAR-CLIP","24398324"
"mirtarbase","hsa-miR-215-5p","BCL2L11","10018","ENSG00000153094","PAR-CLIP","23446348"
"mirtarbase","hsa-miR-215-5p","BCL2L11","10018","ENSG00000153094","PAR-CLIP","21572407"
"mirtarbase","hsa-miR-215-5p","BCL2L11","10018","ENSG00000153094","PAR-CLIP","20371350"
"mirtarbase","hsa-miR-215-5p","BCL2L11","10018","ENSG00000153094","PAR-CLIP","27292025"
"mirtarbase","hsa-miR-215-5p","SH2B3","10019","ENSG00000111252","Microarray","19074876"
"mirtarbase","hsa-miR-215-5p","TROAP","10024","ENSG00000135451","Microarray","19074876"
"mirtarbase","hsa-miR-215-5p","SMC4","10051","ENSG00000113810","Microarray","19074876"
"mirtarbase","hsa-miR-215-5p","ACTR2","10097","ENSG00000138071","Microarray","19074876"
"mirtarbase","hsa-miR-215-5p","ACTR2","10097","ENSG00000138071","PAR-CLIP","22100165"
"mirtarbase","hsa-miR-215-5p","KIF20A","10112","ENSG00000112984","Microarray","19074876"
"mirtarbase","hsa-miR-215-5p","ARL4C","10123","ENSG00000188042","Microarray","19074876"
"mirtarbase","hsa-miR-215-5p","LHFPL6","10186","ENSG00000183722","Microarray","19074876"
"mirtarbase","hsa-miR-215-5p","ZNF443","10224","ENSG00000180855","Microarray","19074876"
"mirtarbase","hsa-miR-215-5p","TRAIP","10293","ENSG00000183763","Microarray","19074876"
"mirtarbase","hsa-miR-215-5p","ZNF267","10308","ENSG00000185947","Microarray","19074876"
"mirtarbase","hsa-miR-215-5p","CCNO","10309","ENSG00000152669","Microarray","19074876"
"mirtarbase","hsa-miR-215-5p","CORO2B","10391","ENSG00000103647","Microarray","19074876"
"mirtarbase","hsa-miR-215-5p","ANAPC10","10393","ENSG00000164162","Microarray","19074876"
"mirtarbase","hsa-miR-215-5p","ST3GAL6","10402","ENSG00000064225","Microarray","19074876"
"mirtarbase","hsa-miR-215-5p","TUBGCP3","10426","ENSG00000126216","Microarray","19074876"
"mirtarbase","hsa-miR-215-5p","TUBGCP3","10426","ENSG00000282003","Microarray","19074876"
"mirtarbase","hsa-miR-215-5p","C1D","10438","ENSG00000197223","Microarray","19074876"
"mirtarbase","hsa-miR-215-5p","ZBTB18","10472","ENSG00000179456","Microarray","19074876"
"mirtarbase","hsa-miR-215-5p","SEC23B","10483","ENSG00000101310","Microarray","19074876"
"mirtarbase","hsa-miR-215-5p","SEMA4D","10507","ENSG00000187764","Microarray","19074876"
"mirtarbase","hsa-miR-215-5p","CIB2","10518","ENSG00000136425","Microarray","19074876"
"mirtarbase","hsa-miR-215-5p","DEAF1","10522","ENSG00000177030","Microarray","19074876"
"mirtarbase","hsa-miR-215-5p","DEAF1","10522","ENSG00000282712","Microarray","19074876"
"mirtarbase","hsa-miR-215-5p","LAMTOR5","10542","ENSG00000134248","Microarray","19074876"
"mirtarbase","hsa-miR-215-5p","SLC19A2","10560","ENSG00000117479","Microarray","19074876"
"mirtarbase","hsa-miR-215-5p","ARFGEF1","10565","ENSG00000066777","Microarray","19074876"
"mirtarbase","hsa-miR-215-5p","SMC2","10592","ENSG00000136824","Microarray","19074876"
"mirtarbase","hsa-miR-215-5p","ATP5MG","10632","ENSG00000167283","Microarray","19074876"
"mirtarbase","hsa-miR-215-5p","KHDRBS3","10656","ENSG00000131773","Microarray","19074876"
"mirtarbase","hsa-miR-215-5p","CTCF","10664","ENSG00000102974","Microarray","19074876"
"mirtarbase","hsa-miR-215-5p","TNFSF13B","10673","ENSG00000102524","Microarray","19074876"
"mirtarbase","hsa-miR-215-5p","YME1L1","10730","ENSG00000136758","HITS-CLIP","23824327"
"mirtarbase","hsa-miR-215-5p","TCFL5","10732","ENSG00000101190","Microarray","19074876"
"mirtarbase","hsa-miR-215-5p","PLK4","10733","ENSG00000142731","Microarray","19074876"
"mirtarbase","hsa-miR-215-5p","PHTF1","10745","ENSG00000116793","Microarray","19074876"
"mirtarbase","hsa-miR-215-5p","ZMYND11","10771","ENSG00000015171","Microarray","19074876"
"mirtarbase","hsa-miR-215-5p","ZBTB6","10773","ENSG00000186130","Microarray","19074876"
"mirtarbase","hsa-miR-215-5p","ZNF273","10793","ENSG00000198039","Microarray","19074876"
"mirtarbase","hsa-miR-215-5p","NMU","10874","ENSG00000109255","Microarray","19074876"
"mirtarbase","hsa-miR-215-5p","AP3M2","10947","ENSG00000070718","Microarray","19074876"
"mirtarbase","hsa-miR-215-5p","RAB40B","10966","ENSG00000141542","Microarray","19074876"
"mirtarbase","hsa-miR-215-5p","CKAP4","10970","ENSG00000136026","Microarray","19074876"
"mirtarbase","hsa-miR-215-5p","TMED10","10972","ENSG00000170348","Microarray","19074876"
"mirtarbase","hsa-miR-215-5p","TENT4A","11044","ENSG00000112941","Microarray","19074876"
"mirtarbase","hsa-miR-215-5p","CPSF6","11052","ENSG00000111605","Microarray","19074876"
"mirtarbase","hsa-miR-215-5p","TOPBP1","11073","ENSG00000163781","Microarray","19074876"
"mirtarbase","hsa-miR-215-5p","DNAJB4","11080","ENSG00000162616","Microarray","19074876"
"mirtarbase","hsa-miR-215-5p","PRSS23","11098","ENSG00000150687","Microarray","19074876"
"mirtarbase","hsa-miR-215-5p","PRDM4","11108","ENSG00000110851","Microarray","19074876"
"mirtarbase","hsa-miR-215-5p","HIBADH","11112","ENSG00000106049","Microarray","19074876"
"mirtarbase","hsa-miR-215-5p","CIT","11113","ENSG00000122966","Microarray","19074876"
"mirtarbase","hsa-miR-215-5p","PTPRT","11122","ENSG00000196090","Luciferase reporter assay//qRT-PCR//Western blot","24434140"
"mirtarbase","hsa-miR-215-5p","NUDT3","11165","ENSG00000272325","PAR-CLIP","27292025"
"mirtarbase","hsa-miR-215-5p","AKAP11","11215","ENSG00000023516","Microarray","19074876"
"mirtarbase","hsa-miR-215-5p","PMF1","11243","ENSG00000160783","Microarray","19074876"
"mirtarbase","hsa-miR-215-5p","USP18","11274","ENSG00000184979","Microarray","19074876"
"mirtarbase","hsa-miR-215-5p","ZNF652","22834","ENSG00000198740","Microarray","19074876"
"mirtarbase","hsa-miR-215-5p","ZFP30","22835","ENSG00000120784","Microarray","19074876"
"mirtarbase","hsa-miR-215-5p","RHOBTB3","22836","ENSG00000164292","Microarray","19074876"
"mirtarbase","hsa-miR-215-5p","COBLL1","22837","ENSG00000082438","Microarray","19074876"
"mirtarbase","hsa-miR-215-5p","RAB11FIP2","22841","ENSG00000107560","Microarray","19074876"
"mirtarbase","hsa-miR-215-5p","ICK","22858","ENSG00000112144","Microarray","19074876"
"mirtarbase","hsa-miR-215-5p","ICK","22858","ENSG00000112144","PAR-CLIP","22012620"
"mirtarbase","hsa-miR-215-5p","ENPP4","22875","ENSG00000001561","Microarray","19074876"
"mirtarbase","hsa-miR-215-5p","INPP5F","22876","ENSG00000198825","Microarray","19074876"
"mirtarbase","hsa-miR-215-5p","ANKRD6","22881","ENSG00000135299","Microarray","19074876"
"mirtarbase","hsa-miR-215-5p","CLSTN1","22883","ENSG00000171603","Microarray","19074876"
"mirtarbase","hsa-miR-215-5p","RUFY3","22902","ENSG00000018189","Microarray","19074876"
"mirtarbase","hsa-miR-215-5p","WDR47","22911","ENSG00000085433","Microarray","19074876"
"mirtarbase","hsa-miR-215-5p","ELL2","22936","ENSG00000118985","Microarray","19074876"
"mirtarbase","hsa-miR-215-5p","SCMH1","22955","ENSG00000010803","Microarray","19074876"
"mirtarbase","hsa-miR-215-5p","EMC1","23065","ENSG00000127463","Microarray","19074876"
"mirtarbase","hsa-miR-215-5p","ATG2A","23130","ENSG00000110046","PAR-CLIP","20371350"
"mirtarbase","hsa-miR-215-5p","SNX13","23161","ENSG00000071189","Microarray","19074876"
"mirtarbase","hsa-miR-215-5p","PASK","23178","ENSG00000115687","Microarray","19074876"
"mirtarbase","hsa-miR-215-5p","SYNM","23336","ENSG00000182253","PAR-CLIP","21572407"
"mirtarbase","hsa-miR-215-5p","NCAPH","23397","ENSG00000121152","Microarray","19074876"
"mirtarbase","hsa-miR-215-5p","DICER1","23405","ENSG00000100697","Microarray","19074876"
"mirtarbase","hsa-miR-215-5p","SIRT1","23411","ENSG00000096717","Microarray","19074876"
"mirtarbase","hsa-miR-215-5p","ABCB10","23456","ENSG00000135776","Microarray","19074876"
"mirtarbase","hsa-miR-215-5p","NPTXR","23467","ENSG00000221890","Microarray","19074876"
"mirtarbase","hsa-miR-215-5p","MACF1","23499","ENSG00000127603","Microarray","19074876"
"mirtarbase","hsa-miR-215-5p","ZNF346","23567","ENSG00000113761","Microarray","19074876"
"mirtarbase","hsa-miR-215-5p","ARL2BP","23568","ENSG00000102931","Microarray","19074876"
"mirtarbase","hsa-miR-215-5p","POLA2","23649","ENSG00000014138","Microarray","19074876"
"mirtarbase","hsa-miR-215-5p","SLC7A11","23657","ENSG00000151012","Microarray","19074876"
"mirtarbase","hsa-miR-215-5p","CEMIP2","23670","ENSG00000135048","Microarray","19074876"
"mirtarbase","hsa-miR-215-5p","SH3BP4","23677","ENSG00000130147","Microarray","19074876"
"mirtarbase","hsa-miR-215-5p","PRKD3","23683","ENSG00000115825","Microarray","19074876"
"mirtarbase","hsa-miR-215-5p","PITPNB","23760","ENSG00000180957","Microarray","19074876"
"mirtarbase","hsa-miR-215-5p","BCL2L13","23786","ENSG00000099968","Microarray","19074876"
"mirtarbase","hsa-miR-215-5p","FSBP","25788","ENSG00000265817","Microarray","19074876"
"mirtarbase","hsa-miR-215-5p","RAD54B","25788","ENSG00000197275","Microarray","19074876"
"mirtarbase","hsa-miR-215-5p","DNAJB5","25822","ENSG00000137094","Microarray","19074876"
"mirtarbase","hsa-miR-215-5p","PARM1","25849","ENSG00000169116","Microarray","19074876"
"mirtarbase","hsa-miR-215-5p","ANAPC15","25906","ENSG00000110200","Microarray","19074876"
"mirtarbase","hsa-miR-215-5p","SAMHD1","25939","ENSG00000101347","Microarray","19074876"
"mirtarbase","hsa-miR-215-5p","PNKD","25953","ENSG00000127838","PAR-CLIP","22100165"
"mirtarbase","hsa-miR-215-5p","LRIG1","26018","ENSG00000144749","Microarray","19074876"
"mirtarbase","hsa-miR-215-5p","APPL1","26060","ENSG00000157500","Microarray","19074876"
"mirtarbase","hsa-miR-215-5p","ARHGEF26","26084","ENSG00000277101","Microarray","19074876"
"mirtarbase","hsa-miR-215-5p","ARHGEF26","26084","ENSG00000114790","Microarray","19074876"
"mirtarbase","hsa-miR-215-5p","TOR1AIP1","26092","ENSG00000143337","Microarray","19074876"
"mirtarbase","hsa-miR-215-5p","EDRF1","26098","ENSG00000107938","Microarray","19074876"
"mirtarbase","hsa-miR-215-5p","FBXW2","26190","ENSG00000119402","Microarray","19074876"
"mirtarbase","hsa-miR-215-5p","BLOC1S6","26258","ENSG00000104164","HITS-CLIP","23824327"
"mirtarbase","hsa-miR-215-5p","FBXO25","26260","ENSG00000147364","Microarray","19074876"
"mirtarbase","hsa-miR-215-5p","FBXO5","26271","ENSG00000112029","Microarray","19074876"
"mirtarbase","hsa-miR-215-5p","FBXO4","26272","ENSG00000151876","Microarray","19074876"
"mirtarbase","hsa-miR-215-5p","PCOLCE2","26577","ENSG00000163710","Microarray","19074876"
"mirtarbase","hsa-miR-215-5p","NUFIP1","26747","ENSG00000083635","Microarray","19074876"
"mirtarbase","hsa-miR-215-5p","NPHP3","27031","ENSG00000113971","Microarray","19074876"
"mirtarbase","hsa-miR-215-5p","AGO2","27161","ENSG00000123908","Microarray","19074876"
"mirtarbase","hsa-miR-215-5p","SLC39A1","27173","ENSG00000143570","Microarray","19074876"
"mirtarbase","hsa-miR-215-5p","SIGLEC8","27181","ENSG00000105366","Luciferase reporter assay//qRT-PCR//Western blot","28006787"
"mirtarbase","hsa-miR-215-5p","DIMT1","27292","ENSG00000086189","Microarray","19074876"
"mirtarbase","hsa-miR-215-5p","PDLIM3","27295","ENSG00000154553","Microarray","19074876"
"mirtarbase","hsa-miR-215-5p","KCNMB4","27345","ENSG00000135643","Microarray","19074876"
"mirtarbase","hsa-miR-215-5p","TOR1B","27348","ENSG00000136816","Microarray","19074876"
"mirtarbase","hsa-miR-215-5p","PPP2R3B","28227","ENSG00000276438","Microarray","19074876"
"mirtarbase","hsa-miR-215-5p","PPP2R3B","28227","ENSG00000273850","Microarray","19074876"
"mirtarbase","hsa-miR-215-5p","PPP2R3B","28227","ENSG00000167393","Microarray","19074876"
"mirtarbase","hsa-miR-215-5p","SLCO3A1","28232","ENSG00000176463","Microarray","19074876"
"mirtarbase","hsa-miR-215-5p","NOB1","28987","ENSG00000141101","Microarray","19074876"
"mirtarbase","hsa-miR-215-5p","MRPL13","28998","ENSG00000172172","Microarray","19074876"
"mirtarbase","hsa-miR-215-5p","ATAD2","29028","ENSG00000156802","Microarray","19074876"
"mirtarbase","hsa-miR-215-5p","RACGAP1","29127","ENSG00000161800","Microarray","19074876"
"mirtarbase","hsa-miR-215-5p","TFCP2L1","29842","ENSG00000115112","Microarray","19074876"
"mirtarbase","hsa-miR-215-5p","SNX10","29887","ENSG00000086300","Microarray","19074876"
"mirtarbase","hsa-miR-215-5p","PSMC3IP","29893","ENSG00000131470","Microarray","19074876"
"mirtarbase","hsa-miR-215-5p","GPSM2","29899","ENSG00000121957","Microarray","19074876"
"mirtarbase","hsa-miR-215-5p","CUZD1","50624","ENSG00000138161","Microarray","19074876"
"mirtarbase","hsa-miR-215-5p","IRX4","50805","ENSG00000113430","Microarray","19074876"
"mirtarbase","hsa-miR-215-5p","COPS7A","50813","ENSG00000111652","Microarray","19074876"
"mirtarbase","hsa-miR-215-5p","MTERF3","51001","ENSG00000156469","Microarray","19074876"
"mirtarbase","hsa-miR-215-5p","METTL9","51108","ENSG00000197006","Microarray","19074876"
"mirtarbase","hsa-miR-215-5p","METTL9","51108","ENSG00000284548","Microarray","19074876"
"mirtarbase","hsa-miR-215-5p","NAA20","51126","ENSG00000173418","Microarray","19074876"
"mirtarbase","hsa-miR-215-5p","IRAK4","51135","ENSG00000198001","Microarray","19074876"
"mirtarbase","hsa-miR-215-5p","RNFT1","51136","ENSG00000189050","Microarray","19074876"
"mirtarbase","hsa-miR-215-5p","CKLF","51192","ENSG00000217555","Microarray","19074876"
"mirtarbase","hsa-miR-215-5p","PLCE1","51196","ENSG00000138193","Microarray","19074876"
"mirtarbase","hsa-miR-215-5p","ZDHHC2","51201","ENSG00000104219","Microarray","19074876"
"mirtarbase","hsa-miR-215-5p","CCDC174","51244","ENSG00000154781","Microarray","19074876"
"mirtarbase","hsa-miR-215-5p","RSRC1","51319","ENSG00000174891","Microarray","19074876"
"mirtarbase","hsa-miR-215-5p","THEM6","51337","ENSG00000130193","Microarray","19074876"
"mirtarbase","hsa-miR-215-5p","CRLF3","51379","ENSG00000176390","Microarray","19074876"
"mirtarbase","hsa-miR-215-5p","GULP1","51454","ENSG00000144366","Microarray","19074876"
"mirtarbase","hsa-miR-215-5p","RHCG","51458","ENSG00000140519","PAR-CLIP","22100165"
"mirtarbase","hsa-miR-215-5p","HACD3","51495","ENSG00000074696","Microarray","19074876"
"mirtarbase","hsa-miR-215-5p","DTL","51514","ENSG00000143476","Microarray","19074876"
"mirtarbase","hsa-miR-215-5p","LARS1","51520","ENSG00000133706","Microarray","19074876"
"mirtarbase","hsa-miR-215-5p","TAF9B","51616","ENSG00000187325","Microarray","19074876"
"mirtarbase","hsa-miR-215-5p","CCZ1","51622","ENSG00000122674","Microarray","19074876"
"mirtarbase","hsa-miR-215-5p","SARAF","51669","ENSG00000133872","Microarray","19074876"
"mirtarbase","hsa-miR-215-5p","NLK","51701","ENSG00000087095","Microarray","19074876"
"mirtarbase","hsa-miR-215-5p","RAB23","51715","ENSG00000112210","Microarray","19074876"
"mirtarbase","hsa-miR-215-5p","CMPK1","51727","ENSG00000162368","Microarray","19074876"
"mirtarbase","hsa-miR-215-5p","RAB8B","51762","ENSG00000166128","Microarray","19074876"
"mirtarbase","hsa-miR-215-5p","SIX4","51804","ENSG00000100625","Microarray","19074876"
"mirtarbase","hsa-miR-215-5p","COQ3","51805","ENSG00000132423","Microarray","19074876"
"mirtarbase","hsa-miR-215-5p","BRWD1","54014","ENSG00000185658","HITS-CLIP","23313552"
"mirtarbase","hsa-miR-215-5p","CYCS","54205","ENSG00000172115","PAR-CLIP","23446348"
"mirtarbase","hsa-miR-215-5p","GFOD1","54438","ENSG00000145990","Microarray","19074876"
"mirtarbase","hsa-miR-215-5p","ANLN","54443","ENSG00000011426","Microarray","19074876"
"mirtarbase","hsa-miR-215-5p","MRPL50","54534","ENSG00000136897","Microarray","19074876"
"mirtarbase","hsa-miR-215-5p","MTMR12","54545","ENSG00000150712","Microarray","19074876"
"mirtarbase","hsa-miR-215-5p","EPDR1","54749","ENSG00000086289","Microarray","19074876"
"mirtarbase","hsa-miR-215-5p","NDE1","54820","ENSG00000275911","Microarray","19074876"
"mirtarbase","hsa-miR-215-5p","NDE1","54820","ENSG00000072864","Microarray","19074876"
"mirtarbase","hsa-miR-215-5p","ERCC6L","54821","ENSG00000186871","Microarray","19074876"
"mirtarbase","hsa-miR-215-5p","VPS13C","54832","ENSG00000129003","Microarray","19074876"
"mirtarbase","hsa-miR-215-5p","BIVM","54841","ENSG00000134897","Microarray","19074876"
"mirtarbase","hsa-miR-215-5p","BCOR","54880","ENSG00000183337","Microarray","19074876"
"mirtarbase","hsa-miR-215-5p","CMTM6","54918","ENSG00000091317","Microarray","19074876"
"mirtarbase","hsa-miR-215-5p","PARP16","54956","ENSG00000138617","Microarray","19074876"
"mirtarbase","hsa-miR-215-5p","PIGX","54965","ENSG00000163964","Microarray","19074876"
"mirtarbase","hsa-miR-215-5p","CLN6","54982","ENSG00000128973","Microarray","19074876"
"mirtarbase","hsa-miR-215-5p","CDCA4","55038","ENSG00000170779","Microarray","19074876"
"mirtarbase","hsa-miR-215-5p","UACA","55075","ENSG00000137831","Microarray","19074876"
"mirtarbase","hsa-miR-215-5p","RADX","55086","ENSG00000147231","Microarray","19074876"
"mirtarbase","hsa-miR-215-5p","TRIM68","55128","ENSG00000167333","Microarray","19074876"
"mirtarbase","hsa-miR-215-5p","LARP1B","55132","ENSG00000138709","Microarray","19074876"
"mirtarbase","hsa-miR-215-5p","RFWD3","55159","ENSG00000168411","Microarray","19074876"
"mirtarbase","hsa-miR-215-5p","CEP55","55165","ENSG00000138180","Microarray","19074876"
"mirtarbase","hsa-miR-215-5p","FAIM","55179","ENSG00000158234","Microarray","19074876"
"mirtarbase","hsa-miR-215-5p","RIC8B","55188","ENSG00000111785","Microarray","19074876"
"mirtarbase","hsa-miR-215-5p","BBS7","55212","ENSG00000138686","Microarray","19074876"
"mirtarbase","hsa-miR-215-5p","NEIL3","55247","ENSG00000109674","Microarray","19074876"
"mirtarbase","hsa-miR-215-5p","NUDT15","55270","ENSG00000136159","Microarray","19074876"
"mirtarbase","hsa-miR-215-5p","PHF10","55274","ENSG00000130024","Microarray","19074876"
"mirtarbase","hsa-miR-215-5p","UBE2W","55284","ENSG00000104343","Microarray","19074876"
"mirtarbase","hsa-miR-215-5p","MIS18BP1","55320","ENSG00000129534","Microarray","19074876"
"mirtarbase","hsa-miR-215-5p","MNS1","55329","ENSG00000138587","Microarray","19074876"
"mirtarbase","hsa-miR-215-5p","SLC39A9","55334","ENSG00000029364","Microarray","19074876"
"mirtarbase","hsa-miR-215-5p","HJURP","55355","ENSG00000123485","Microarray","19074876"
"mirtarbase","hsa-miR-215-5p","MCM10","55388","ENSG00000065328","Microarray","19074876"
"mirtarbase","hsa-miR-215-5p","CSGALNACT2","55454","ENSG00000169826","Microarray","19074876"
"mirtarbase","hsa-miR-215-5p","CHST12","55501","ENSG00000136213","Microarray","19074876"
"mirtarbase","hsa-miR-215-5p","HES6","55502","ENSG00000144485","Microarray","19074876"
"mirtarbase","hsa-miR-215-5p","IL17RB","55540","ENSG00000056736","Microarray","19074876"
"mirtarbase","hsa-miR-215-5p","FERMT1","55612","ENSG00000101311","Microarray","19074876"
"mirtarbase","hsa-miR-215-5p","G2E3","55632","ENSG00000092140","Microarray","19074876"
"mirtarbase","hsa-miR-215-5p","TBC1D22B","55633","ENSG00000065491","Microarray","19074876"
"mirtarbase","hsa-miR-215-5p","DEPDC1","55635","ENSG00000024526","Microarray","19074876"
"mirtarbase","hsa-miR-215-5p","CHD7","55636","ENSG00000171316","Microarray","19074876"
"mirtarbase","hsa-miR-215-5p","SLC48A1","55652","ENSG00000211584","Microarray","19074876"
"mirtarbase","hsa-miR-215-5p","KDM4D","55693","ENSG00000186280","Microarray","19074876"
"mirtarbase","hsa-miR-215-5p","RADIL","55698","ENSG00000157927","Microarray","19074876"
"mirtarbase","hsa-miR-215-5p","ARHGEF40","55701","ENSG00000165801","Microarray","19074876"
"mirtarbase","hsa-miR-215-5p","SLF2","55719","ENSG00000119906","Microarray","19074876"
"mirtarbase","hsa-miR-215-5p","IQCC","55721","ENSG00000160051","Microarray","19074876"
"mirtarbase","hsa-miR-215-5p","C1orf112","55732","ENSG00000000460","Microarray","19074876"
"mirtarbase","hsa-miR-215-5p","TMEM30A","55754","ENSG00000112697","Microarray","19074876"
"mirtarbase","hsa-miR-215-5p","ZNF701","55762","ENSG00000167562","Microarray","19074876"
"mirtarbase","hsa-miR-215-5p","TDP1","55775","ENSG00000042088","Microarray","19074876"
"mirtarbase","hsa-miR-215-5p","SAYSD1","55776","ENSG00000112167","Microarray","19074876"
"mirtarbase","hsa-miR-215-5p","DCP1A","55802","ENSG00000272886","Microarray","19074876"
"mirtarbase","hsa-miR-215-5p","CAND1","55832","ENSG00000111530","PAR-CLIP","22100165"
"mirtarbase","hsa-miR-215-5p","EAF2","55840","ENSG00000145088","Microarray","19074876"
"mirtarbase","hsa-miR-215-5p","WWC3","55841","ENSG00000047644","Microarray","19074876"
"mirtarbase","hsa-miR-215-5p","NKRF","55922","ENSG00000186416","Microarray","19074876"
"mirtarbase","hsa-miR-215-5p","SLC25A40","55972","ENSG00000075303","Microarray","19074876"
"mirtarbase","hsa-miR-215-5p","SERTAD4","56256","ENSG00000082497","Microarray","19074876"
"mirtarbase","hsa-miR-215-5p","SERTAD4","56256","ENSG00000281230","Microarray","19074876"
"mirtarbase","hsa-miR-215-5p","EMC7","56851","ENSG00000134153","Microarray","19074876"
"mirtarbase","hsa-miR-215-5p","PAK6","56924","ENSG00000137843","Microarray","19074876"
"mirtarbase","hsa-miR-215-5p","NT5M","56953","ENSG00000205309","Microarray","19074876"
"mirtarbase","hsa-miR-215-5p","KIF15","56992","ENSG00000163808","Microarray","19074876"
"mirtarbase","hsa-miR-215-5p","KIF15","56992","ENSG00000280610","Microarray","19074876"
"mirtarbase","hsa-miR-215-5p","CHPT1","56994","ENSG00000111666","Microarray","19074876"
"mirtarbase","hsa-miR-215-5p","CTNNBIP1","56998","ENSG00000178585","Luciferase reporter assay","23554908"
"mirtarbase","hsa-miR-215-5p","CTNNBIP1","56998","ENSG00000178585","Microarray","19074876"
"mirtarbase","hsa-miR-215-5p","CCDC47","57003","ENSG00000108588","Microarray","19074876"
"mirtarbase","hsa-miR-215-5p","KNL1","57082","ENSG00000137812","Microarray","19074876"
"mirtarbase","hsa-miR-215-5p","ENTPD7","57089","ENSG00000198018","Microarray","19074876"
"mirtarbase","hsa-miR-215-5p","PHTF2","57157","ENSG00000006576","Microarray","19074876"
"mirtarbase","hsa-miR-215-5p","ZNF248","57209","ENSG00000198105","Microarray","19074876"
"mirtarbase","hsa-miR-215-5p","ADGRG6","57211","ENSG00000112414","Microarray","19074876"
"mirtarbase","hsa-miR-215-5p","CLK4","57396","ENSG00000113240","Microarray","19074876"
"mirtarbase","hsa-miR-215-5p","AS3MT","57412","ENSG00000214435","HITS-CLIP","23824327"
"mirtarbase","hsa-miR-215-5p","MRTFB","57496","ENSG00000186260","Microarray","19074876"
"mirtarbase","hsa-miR-215-5p","MIB1","57534","ENSG00000101752","Microarray","19074876"
"mirtarbase","hsa-miR-215-5p","NCEH1","57552","ENSG00000144959","Microarray","19074876"
"mirtarbase","hsa-miR-215-5p","STAMBPL1","57559","ENSG00000138134","Microarray","19074876"
"mirtarbase","hsa-miR-215-5p","KLHL8","57563","ENSG00000145332","Microarray","19074876"
"mirtarbase","hsa-miR-215-5p","PHF12","57649","ENSG00000109118","HITS-CLIP","19536157"
"mirtarbase","hsa-miR-215-5p","IGDCC4","57722","ENSG00000103742","Microarray","19074876"
"mirtarbase","hsa-miR-215-5p","TRIB3","57761","ENSG00000101255","Microarray","19074876"
"mirtarbase","hsa-miR-215-5p","GATAD1","57798","ENSG00000157259","Microarray","19074876"
"mirtarbase","hsa-miR-215-5p","PTBP2","58155","ENSG00000117569","Microarray","19074876"
"mirtarbase","hsa-miR-215-5p","CREBZF","58487","ENSG00000137504","Microarray","19074876"
"mirtarbase","hsa-miR-215-5p","INIP","58493","ENSG00000148153","Microarray","19074876"
"mirtarbase","hsa-miR-215-5p","ELOVL5","60481","ENSG00000012660","Microarray","19074876"
"mirtarbase","hsa-miR-215-5p","AASDHPPT","60496","ENSG00000149313","Microarray","19074876"
"mirtarbase","hsa-miR-215-5p","SPCS3","60559","ENSG00000129128","Microarray","19074876"
"mirtarbase","hsa-miR-215-5p","CLSPN","63967","ENSG00000092853","Microarray","19074876"
"mirtarbase","hsa-miR-215-5p","PERP","64065","ENSG00000112378","Microarray","19074876"
"mirtarbase","hsa-miR-215-5p","CENPK","64105","ENSG00000123219","Microarray","19074876"
"mirtarbase","hsa-miR-215-5p","MOAP1","64112","ENSG00000278268","Microarray","19074876"
"mirtarbase","hsa-miR-215-5p","MOAP1","64112","ENSG00000165943","Microarray","19074876"
"mirtarbase","hsa-miR-215-5p","SLC39A8","64116","ENSG00000138821","Microarray","19074876"
"mirtarbase","hsa-miR-215-5p","NOD2","64127","ENSG00000167207","Microarray","19074876"
"mirtarbase","hsa-miR-215-5p","TOR3A","64222","ENSG00000186283","Microarray","19074876"
"mirtarbase","hsa-miR-215-5p","NFKBIZ","64332","ENSG00000144802","Microarray","19074876"
"mirtarbase","hsa-miR-215-5p","ZMAT3","64393","ENSG00000172667","Microarray","19074876"
"mirtarbase","hsa-miR-215-5p","NUCKS1","64710","ENSG00000069275","Microarray","19074876"
"mirtarbase","hsa-miR-215-5p","CCDC14","64770","ENSG00000175455","Microarray","19074876"
"mirtarbase","hsa-miR-215-5p","FNDC3B","64778","ENSG00000075420","Microarray","19074876"
"mirtarbase","hsa-miR-215-5p","ELOVL1","64834","ENSG00000066322","Microarray","19074876"
"mirtarbase","hsa-miR-215-5p","REEP1","65055","ENSG00000068615","Microarray","19074876"
"mirtarbase","hsa-miR-215-5p","SOWAHC","65124","ENSG00000198142","Microarray","19074876"
"mirtarbase","hsa-miR-215-5p","WNK1","65125","ENSG00000060237","Luciferase reporter assay//Northern blot//qRT-PCR//Western blot","20813867"
"mirtarbase","hsa-miR-215-5p","ZBTB10","65986","ENSG00000205189","Microarray","19074876"
"mirtarbase","hsa-miR-215-5p","MTMR9","66036","ENSG00000104643","PAR-CLIP","27292025"
"mirtarbase","hsa-miR-215-5p","MTMR9","66036","ENSG00000285032","PAR-CLIP","27292025"
"mirtarbase","hsa-miR-215-5p","OTUB2","78990","ENSG00000277276","Microarray","19074876"
"mirtarbase","hsa-miR-215-5p","OTUB2","78990","ENSG00000089723","Microarray","19074876"
"mirtarbase","hsa-miR-215-5p","MIS12","79003","ENSG00000167842","Microarray","19074876"
"mirtarbase","hsa-miR-215-5p","DDX50","79009","ENSG00000107625","Microarray","19074876"
"mirtarbase","hsa-miR-215-5p","KCTD15","79047","ENSG00000153885","Microarray","19074876"
"mirtarbase","hsa-miR-215-5p","RNF26","79102","ENSG00000173456","Microarray","19074876"
"mirtarbase","hsa-miR-215-5p","NOL12","79159","ENSG00000273899","Microarray","19074876"
"mirtarbase","hsa-miR-215-5p","HAUS3","79441","ENSG00000214367","Microarray","19074876"
"mirtarbase","hsa-miR-215-5p","OBI1","79596","ENSG00000152193","Microarray","19074876"
"mirtarbase","hsa-miR-215-5p","OGFRL1","79627","ENSG00000119900","Microarray","19074876"
"mirtarbase","hsa-miR-215-5p","SCRN3","79634","ENSG00000144306","Microarray","19074876"
"mirtarbase","hsa-miR-215-5p","CCDC121","79635","ENSG00000176714","Microarray","19074876"
"mirtarbase","hsa-miR-215-5p","HSPBAP1","79663","ENSG00000169087","Microarray","19074876"
"mirtarbase","hsa-miR-215-5p","PLEKHF2","79666","ENSG00000175895","Microarray","19074876"
"mirtarbase","hsa-miR-215-5p","GALNT12","79695","ENSG00000119514","Microarray","19074876"
"mirtarbase","hsa-miR-215-5p","NOL9","79707","ENSG00000162408","HITS-CLIP","23824327"
"mirtarbase","hsa-miR-215-5p","E2F8","79733","ENSG00000129173","Microarray","19074876"
"mirtarbase","hsa-miR-215-5p","CLIP4","79745","ENSG00000115295","Microarray","19074876"
"mirtarbase","hsa-miR-215-5p","VASH2","79805","ENSG00000143494","Microarray","19074876"
"mirtarbase","hsa-miR-215-5p","MFSD13A","79847","ENSG00000138111","Microarray","19074876"
"mirtarbase","hsa-miR-215-5p","BORA","79866","ENSG00000136122","Microarray","19074876"
"mirtarbase","hsa-miR-215-5p","RPAP2","79871","ENSG00000122484","Microarray","19074876"
"mirtarbase","hsa-miR-215-5p","UBA5","79876","ENSG00000081307","PAR-CLIP","22291592"
"mirtarbase","hsa-miR-215-5p","UBA5","79876","ENSG00000081307","PAR-CLIP","22012620"
"mirtarbase","hsa-miR-215-5p","UBA5","79876","ENSG00000081307","HITS-CLIP","23824327"
"mirtarbase","hsa-miR-215-5p","ATAD5","79915","ENSG00000176208","Microarray","19074876"
"mirtarbase","hsa-miR-215-5p","MAP6D1","79929","ENSG00000180834","Microarray","19074876"
"mirtarbase","hsa-miR-215-5p","CNTNAP3","79937","ENSG00000106714","Microarray","19074876"
"mirtarbase","hsa-miR-215-5p","L2HGDH","79944","ENSG00000087299","Microarray","19074876"
"mirtarbase","hsa-miR-215-5p","ERMP1","79956","ENSG00000099219","Microarray","19074876"
"mirtarbase","hsa-miR-215-5p","DSN1","79980","ENSG00000149636","Microarray","19074876"
"mirtarbase","hsa-miR-215-5p","RMI1","80010","ENSG00000178966","Microarray","19074876"
"mirtarbase","hsa-miR-215-5p","WWC2","80014","ENSG00000151718","Microarray","19074876"
"mirtarbase","hsa-miR-215-5p","CCDC15","80071","ENSG00000149548","Microarray","19074876"
"mirtarbase","hsa-miR-215-5p","PIF1","80119","ENSG00000140451","Microarray","19074876"
"mirtarbase","hsa-miR-215-5p","BBOF1","80127","ENSG00000119636","Microarray","19074876"
"mirtarbase","hsa-miR-215-5p","ASRGL1","80150","ENSG00000162174","Microarray","19074876"
"mirtarbase","hsa-miR-215-5p","DBF4B","80174","ENSG00000161692","Microarray","19074876"
"mirtarbase","hsa-miR-215-5p","NAA50","80218","ENSG00000121579","Microarray","19074876"
"mirtarbase","hsa-miR-215-5p","NAA50","80218","ENSG00000121579","PAR-CLIP","23592263"
"mirtarbase","hsa-miR-215-5p","WDCP","80304","ENSG00000163026","Microarray","19074876"
"mirtarbase","hsa-miR-215-5p","WDCP","80304","ENSG00000163026","PAR-CLIP","23592263"
"mirtarbase","hsa-miR-215-5p","SGPP1","81537","ENSG00000126821","Microarray","19074876"
"mirtarbase","hsa-miR-215-5p","SGPP1","81537","ENSG00000285281","Microarray","19074876"
"mirtarbase","hsa-miR-215-5p","APOLD1","81575","ENSG00000178878","Microarray","19074876"
"mirtarbase","hsa-miR-215-5p","FAM83D","81610","ENSG00000101447","Microarray","19074876"
"mirtarbase","hsa-miR-215-5p","MAP1LC3B","81631","ENSG00000140941","Microarray","19074876"
"mirtarbase","hsa-miR-215-5p","REXO5","81691","ENSG00000005189","Microarray","19074876"
"mirtarbase","hsa-miR-215-5p","SPRY4","81848","ENSG00000187678","Microarray","19074876"
"mirtarbase","hsa-miR-215-5p","ZNF611","81856","ENSG00000213020","Microarray","19074876"
"mirtarbase","hsa-miR-215-5p","KIF18A","81930","ENSG00000121621","Microarray","19074876"
"mirtarbase","hsa-miR-215-5p","NUF2","83540","ENSG00000143228","Microarray","19074876"
"mirtarbase","hsa-miR-215-5p","UCK1","83549","ENSG00000130717","Microarray","19074876"
"mirtarbase","hsa-miR-215-5p","ATG10","83734","ENSG00000152348","Microarray","19074876"
"mirtarbase","hsa-miR-215-5p","ROPN1L","83853","ENSG00000145491","Microarray","19074876"
"mirtarbase","hsa-miR-215-5p","HASPIN","83903","ENSG00000177602","Microarray","19074876"
"mirtarbase","hsa-miR-215-5p","RACGAP1P","83956","","Microarray","19074876"
"mirtarbase","hsa-miR-215-5p","BRIP1","83990","ENSG00000136492","Microarray","19074876"
"mirtarbase","hsa-miR-215-5p","B3GNT5","84002","ENSG00000176597","Microarray","19074876"
"mirtarbase","hsa-miR-215-5p","RAB6C","84084","ENSG00000222014","Microarray","19074876"
"mirtarbase","hsa-miR-215-5p","ZNRF3","84133","ENSG00000183579","PAR-CLIP","22100165"
"mirtarbase","hsa-miR-215-5p","TMEM164","84187","ENSG00000157600","Microarray","19074876"
"mirtarbase","hsa-miR-215-5p","MEX3B","84206","ENSG00000183496","Microarray","19074876"
"mirtarbase","hsa-miR-215-5p","SLF1","84250","ENSG00000133302","Microarray","19074876"
"mirtarbase","hsa-miR-215-5p","DCUN1D5","84259","ENSG00000137692","PAR-CLIP","22100165"
"mirtarbase","hsa-miR-215-5p","TCHP","84260","ENSG00000139437","Microarray","19074876"
"mirtarbase","hsa-miR-215-5p","CHCHD5","84269","ENSG00000125611","HITS-CLIP","23824327"
"mirtarbase","hsa-miR-215-5p","PRADC1","84279","ENSG00000135617","Microarray","19074876"
"mirtarbase","hsa-miR-215-5p","PHF6","84295","ENSG00000156531","Microarray","19074876"
"mirtarbase","hsa-miR-215-5p","PGAP4","84302","ENSG00000165152","Microarray","19074876"
"mirtarbase","hsa-miR-215-5p","PCGF5","84333","ENSG00000180628","Microarray","19074876"
"mirtarbase","hsa-miR-215-5p","MRPL43","84545","ENSG00000055950","Microarray","19074876"
"mirtarbase","hsa-miR-215-5p","FAXC","84553","ENSG00000146267","Microarray","19074876"
"mirtarbase","hsa-miR-215-5p","MFSD14B","84641","ENSG00000148110","Microarray","19074876"
"mirtarbase","hsa-miR-215-5p","FAM126A","84668","ENSG00000122591","Microarray","19074876"
"mirtarbase","hsa-miR-215-5p","PSRC1","84722","ENSG00000134222","Microarray","19074876"
"mirtarbase","hsa-miR-215-5p","LMNB2","84823","ENSG00000176619","Microarray","19074876"
"mirtarbase","hsa-miR-215-5p","C1orf198","84886","ENSG00000119280","Microarray","19074876"
"mirtarbase","hsa-miR-215-5p","ATAD1","84896","ENSG00000138138","Microarray","19074876"
"mirtarbase","hsa-miR-215-5p","ATAD1","84896","ENSG00000283024","Microarray","19074876"
"mirtarbase","hsa-miR-215-5p","TMTC4","84899","ENSG00000125247","Microarray","19074876"
"mirtarbase","hsa-miR-215-5p","SLC35B4","84912","ENSG00000205060","Microarray","19074876"
"mirtarbase","hsa-miR-215-5p","FAM222A","84915","ENSG00000139438","Microarray","19074876"
"mirtarbase","hsa-miR-215-5p","ALG10","84920","ENSG00000139133","Microarray","19074876"
"mirtarbase","hsa-miR-215-5p","SERAC1","84947","ENSG00000122335","Microarray","19074876"
"mirtarbase","hsa-miR-215-5p","PRPF38A","84950","ENSG00000134748","Microarray","19074876"
"mirtarbase","hsa-miR-215-5p","CGNL1","84952","ENSG00000128849","Microarray","19074876"
"mirtarbase","hsa-miR-215-5p","UBASH3B","84959","ENSG00000154127","Microarray","19074876"
"mirtarbase","hsa-miR-215-5p","CEP19","84984","ENSG00000174007","Microarray","19074876"
"mirtarbase","hsa-miR-215-5p","ARHGAP19","84986","ENSG00000213390","Microarray","19074876"
"mirtarbase","hsa-miR-215-5p","EAF1","85403","ENSG00000144597","Microarray","19074876"
"mirtarbase","hsa-miR-215-5p","ZIC5","85416","ENSG00000139800","Microarray","19074876"
"mirtarbase","hsa-miR-215-5p","LRRCC1","85444","ENSG00000133739","Microarray","19074876"
"mirtarbase","hsa-miR-215-5p","EFCAB11","90141","ENSG00000140025","Microarray","19074876"
"mirtarbase","hsa-miR-215-5p","C5orf30","90355","ENSG00000181751","Microarray","19074876"
"mirtarbase","hsa-miR-215-5p","TICRR","90381","ENSG00000140534","Microarray","19074876"
"mirtarbase","hsa-miR-215-5p","LYRM7","90624","ENSG00000186687","Microarray","19074876"
"mirtarbase","hsa-miR-215-5p","C12orf65","91574","ENSG00000130921","Microarray","19074876"
"mirtarbase","hsa-miR-215-5p","NEK9","91754","ENSG00000119638","HITS-CLIP","23824327"
"mirtarbase","hsa-miR-215-5p","SLC25A51","92014","ENSG00000122696","Microarray","19074876"
"mirtarbase","hsa-miR-215-5p","MTDH","92140","ENSG00000147649","Microarray","19074876"
"mirtarbase","hsa-miR-215-5p","TIFA","92610","ENSG00000145365","Microarray","19074876"
"mirtarbase","hsa-miR-215-5p","TMEM169","92691","ENSG00000163449","Microarray","19074876"
"mirtarbase","hsa-miR-215-5p","TEX30","93081","ENSG00000151287","Microarray","19074876"
"mirtarbase","hsa-miR-215-5p","PIGM","93183","ENSG00000143315","Microarray","19074876"
"mirtarbase","hsa-miR-215-5p","TBC1D31","93594","ENSG00000156787","Microarray","19074876"
"mirtarbase","hsa-miR-215-5p","CADPS2","93664","ENSG00000081803","Microarray","19074876"
"mirtarbase","hsa-miR-215-5p","TTYH2","94015","ENSG00000141540","PAR-CLIP","27292025"
"mirtarbase","hsa-miR-215-5p","TMEM106A","113277","ENSG00000184988","Microarray","19074876"
"mirtarbase","hsa-miR-215-5p","TMEM200A","114801","ENSG00000164484","Microarray","19074876"
"mirtarbase","hsa-miR-215-5p","OSBPL6","114880","ENSG00000079156","Microarray","19074876"
"mirtarbase","hsa-miR-215-5p","OSBPL8","114882","ENSG00000091039","Microarray","19074876"
"mirtarbase","hsa-miR-215-5p","OSBPL10","114884","ENSG00000144645","Microarray","19074876"
"mirtarbase","hsa-miR-215-5p","OSBPL10","114884","ENSG00000144645","HITS-CLIP","19536157"
"mirtarbase","hsa-miR-215-5p","C1QTNF3","114899","ENSG00000082196","Microarray","19074876"
"mirtarbase","hsa-miR-215-5p","ATG4A","115201","ENSG00000101844","Microarray","19074876"
"mirtarbase","hsa-miR-215-5p","KCTD12","115207","ENSG00000178695","Microarray","19074876"
"mirtarbase","hsa-miR-215-5p","DIS3L","115752","ENSG00000166938","Microarray","19074876"
"mirtarbase","hsa-miR-215-5p","GINM1","116254","ENSG00000055211","Microarray","19074876"
"mirtarbase","hsa-miR-215-5p","RBP7","116362","ENSG00000162444","Microarray","19074876"
"mirtarbase","hsa-miR-215-5p","LEAP2","116842","ENSG00000164406","Microarray","19074876"
"mirtarbase","hsa-miR-215-5p","SFR1","119392","ENSG00000156384","Microarray","19074876"
"mirtarbase","hsa-miR-215-5p","NEDD1","121441","ENSG00000139350","Microarray","19074876"
"mirtarbase","hsa-miR-215-5p","NIPA1","123606","ENSG00000170113","Microarray","19074876"
"mirtarbase","hsa-miR-215-5p","NOXO1","124056","ENSG00000196408","Microarray","19074876"
"mirtarbase","hsa-miR-215-5p","CCSAP","126731","ENSG00000154429","Microarray","19074876"
"mirtarbase","hsa-miR-215-5p","AHSA2","130872","","Microarray","19074876"
"mirtarbase","hsa-miR-215-5p","FBXO36","130888","ENSG00000153832","Microarray","19074876"
"mirtarbase","hsa-miR-215-5p","DNAJC19","131118","ENSG00000205981","Microarray","19074876"
"mirtarbase","hsa-miR-215-5p","CRYBG3","131544","ENSG00000080200","PAR-CLIP","22100165"
"mirtarbase","hsa-miR-215-5p","FAM241A","132720","ENSG00000174749","Microarray","19074876"
"mirtarbase","hsa-miR-215-5p","HINT3","135114","ENSG00000111911","Microarray","19074876"
"mirtarbase","hsa-miR-215-5p","ZSWIM3","140831","ENSG00000132801","Microarray","19074876"
"mirtarbase","hsa-miR-215-5p","PRICKLE1","144165","ENSG00000139174","Microarray","19074876"
"mirtarbase","hsa-miR-215-5p","MIPOL1","145282","ENSG00000151338","Microarray","19074876"
"mirtarbase","hsa-miR-215-5p","CEP128","145508","ENSG00000100629","Microarray","19074876"
"mirtarbase","hsa-miR-215-5p","NRG4","145957","ENSG00000169752","Microarray","19074876"
"mirtarbase","hsa-miR-215-5p","EME1","146956","ENSG00000154920","Microarray","19074876"
"mirtarbase","hsa-miR-215-5p","SLC35F3","148641","ENSG00000183780","Microarray","19074876"
"mirtarbase","hsa-miR-215-5p","LSM14B","149986","ENSG00000149657","Microarray","19074876"
"mirtarbase","hsa-miR-215-5p","DUSP18","150290","ENSG00000167065","PAR-CLIP","22291592"
"mirtarbase","hsa-miR-215-5p","CKAP2L","150468","ENSG00000169607","Microarray","19074876"
"mirtarbase","hsa-miR-215-5p","SEPTIN10","151011","ENSG00000186522","Microarray","19074876"
"mirtarbase","hsa-miR-215-5p","ZNF385B","151126","ENSG00000144331","Microarray","19074876"
"mirtarbase","hsa-miR-215-5p","KLHL23","151230","ENSG00000213160","Microarray","19074876"
"mirtarbase","hsa-miR-215-5p","SGO2","151246","ENSG00000163535","Microarray","19074876"
"mirtarbase","hsa-miR-215-5p","SLC16A14","151473","ENSG00000163053","Microarray","19074876"
"mirtarbase","hsa-miR-215-5p","CLVS1","157807","ENSG00000177182","Microarray","19074876"
"mirtarbase","hsa-miR-215-5p","C9orf163","158055","ENSG00000196366","Microarray","19074876"
"mirtarbase","hsa-miR-215-5p","USP54","159195","ENSG00000166348","Microarray","19074876"
"mirtarbase","hsa-miR-215-5p","SLC35G1","159371","ENSG00000176273","Microarray","19074876"
"mirtarbase","hsa-miR-215-5p","TMTC2","160335","ENSG00000179104","Microarray","19074876"
"mirtarbase","hsa-miR-215-5p","TMTC3","160418","ENSG00000139324","Microarray","19074876"
"mirtarbase","hsa-miR-215-5p","GPR180","160897","ENSG00000152749","Microarray","19074876"
"mirtarbase","hsa-miR-215-5p","ZFP1","162239","ENSG00000184517","Microarray","19074876"
"mirtarbase","hsa-miR-215-5p","ZFP1","162239","ENSG00000285178","Microarray","19074876"
"mirtarbase","hsa-miR-215-5p","ZNF519","162655","ENSG00000175322","Microarray","19074876"
"mirtarbase","hsa-miR-215-5p","C18orf54","162681","ENSG00000166845","Microarray","19074876"
"mirtarbase","hsa-miR-215-5p","ZNF114","163071","ENSG00000178150","Microarray","19074876"
"mirtarbase","hsa-miR-215-5p","IFNLR1","163702","ENSG00000185436","Microarray","19074876"
"mirtarbase","hsa-miR-215-5p","FAM171B","165215","ENSG00000144369","Microarray","19074876"
"mirtarbase","hsa-miR-215-5p","FUT11","170384","ENSG00000196968","Microarray","19074876"
"mirtarbase","hsa-miR-215-5p","ACSF3","197322","ENSG00000176715","Microarray","19074876"
"mirtarbase","hsa-miR-215-5p","FAAP20","199990","ENSG00000162585","Microarray","19074876"
"mirtarbase","hsa-miR-215-5p","SPRED2","200734","ENSG00000198369","PAR-CLIP","20371350"
"mirtarbase","hsa-miR-215-5p","SPRED2","200734","ENSG00000198369","PAR-CLIP","26701625"
"mirtarbase","hsa-miR-215-5p","DHFR2","200895","ENSG00000178700","Microarray","19074876"
"mirtarbase","hsa-miR-215-5p","RDM1","201299","ENSG00000276432","Microarray","19074876"
"mirtarbase","hsa-miR-215-5p","RDM1","201299","ENSG00000278023","Microarray","19074876"
"mirtarbase","hsa-miR-215-5p","PRIMPOL","201973","ENSG00000164306","Microarray","19074876"
"mirtarbase","hsa-miR-215-5p","ERICH5","203111","ENSG00000177459","Microarray","19074876"
"mirtarbase","hsa-miR-215-5p","ZNF449","203523","ENSG00000173275","Microarray","19074876"
"mirtarbase","hsa-miR-215-5p","ZNF449","203523","ENSG00000173275","PAR-CLIP","21572407"
"mirtarbase","hsa-miR-215-5p","USP12","219333","ENSG00000152484","Microarray","19074876"
"mirtarbase","hsa-miR-215-5p","FAM241B","219738","ENSG00000171224","Microarray","19074876"
"mirtarbase","hsa-miR-215-5p","CCNY","219771","ENSG00000108100","Microarray","19074876"
"mirtarbase","hsa-miR-215-5p","RTKN2","219790","ENSG00000182010","Microarray","19074876"
"mirtarbase","hsa-miR-215-5p","HYLS1","219844","ENSG00000198331","Microarray","19074876"
"mirtarbase","hsa-miR-215-5p","SKA1","220134","ENSG00000262634","Microarray","19074876"
"mirtarbase","hsa-miR-215-5p","SKA1","220134","ENSG00000154839","Microarray","19074876"
"mirtarbase","hsa-miR-215-5p","KDM1B","221656","ENSG00000165097","ChIP-seq//Luciferase reporter assay//Microarray//qRT-PCR","26766590"
"mirtarbase","hsa-miR-215-5p","SP8","221833","ENSG00000164651","PAR-CLIP","22100165"
"mirtarbase","hsa-miR-215-5p","CCZ1B","221960","ENSG00000146574","Microarray","19074876"
"mirtarbase","hsa-miR-215-5p","MCM9","254394","ENSG00000111877","Microarray","19074876"
"mirtarbase","hsa-miR-215-5p","VXN","254778","ENSG00000169085","Microarray","19074876"
"mirtarbase","hsa-miR-215-5p","ZDHHC23","254887","ENSG00000184307","Microarray","19074876"
"mirtarbase","hsa-miR-215-5p","PCSK9","255738","ENSG00000169174","Microarray","19074876"
"mirtarbase","hsa-miR-215-5p","CNEP1R1","255919","ENSG00000205423","Microarray","19074876"
"mirtarbase","hsa-miR-215-5p","ASPM","259266","ENSG00000066279","Microarray","19074876"
"mirtarbase","hsa-miR-215-5p","GAS2L3","283431","ENSG00000139354","Microarray","19074876"
"mirtarbase","hsa-miR-215-5p","SLC46A3","283537","ENSG00000139508","Microarray","19074876"
"mirtarbase","hsa-miR-215-5p","C17orf58","284018","ENSG00000186665","Microarray","19074876"
"mirtarbase","hsa-miR-215-5p","ZNF776","284309","ENSG00000152443","PAR-CLIP","23592263"
"mirtarbase","hsa-miR-215-5p","ZNF776","284309","ENSG00000152443","PAR-CLIP","20371350"
"mirtarbase","hsa-miR-215-5p","ZNF776","284309","ENSG00000152443","PAR-CLIP","26701625"
"mirtarbase","hsa-miR-215-5p","ZNF776","284309","ENSG00000152443","PAR-CLIP","27292025"
"mirtarbase","hsa-miR-215-5p","RIMKLA","284716","ENSG00000177181","Microarray","19074876"
"mirtarbase","hsa-miR-215-5p","CCDC150","284992","ENSG00000144395","Microarray","19074876"
"mirtarbase","hsa-miR-215-5p","FAM126B","285172","ENSG00000155744","Microarray","19074876"
"mirtarbase","hsa-miR-215-5p","LIN9","286826","ENSG00000183814","Microarray","19074876"
"mirtarbase","hsa-miR-215-5p","TRIM59","286827","ENSG00000213186","Microarray","19074876"
"mirtarbase","hsa-miR-215-5p","CHSY3","337876","ENSG00000198108","Microarray","19074876"
"mirtarbase","hsa-miR-215-5p","KIF24","347240","ENSG00000186638","Microarray","19074876"
"mirtarbase","hsa-miR-215-5p","GEN1","348654","ENSG00000178295","Microarray","19074876"
"mirtarbase","hsa-miR-215-5p","TICAM2","353376","ENSG00000243414","Microarray","19074876"
"mirtarbase","hsa-miR-215-5p","CEP85L","387119","ENSG00000111860","PAR-CLIP","22100165"
"mirtarbase","hsa-miR-215-5p","TMEM200B","399474","ENSG00000253304","Microarray","19074876"
"mirtarbase","hsa-miR-215-5p","EML6","400954","ENSG00000214595","PAR-CLIP","22100165"
"mirtarbase","hsa-miR-215-5p","CCL3L1","414062","ENSG00000277336","Microarray","19074876"
"mirtarbase","hsa-miR-215-5p","CCL3L3","414062","ENSG00000277336","Microarray","19074876"
"mirtarbase","hsa-miR-215-5p","CCL3L1","414062","ENSG00000277796","Microarray","19074876"
"mirtarbase","hsa-miR-215-5p","CCL3L3","414062","ENSG00000277796","Microarray","19074876"
"mirtarbase","hsa-miR-215-5p","CCL3L1","414062","ENSG00000277768","Microarray","19074876"
"mirtarbase","hsa-miR-215-5p","CCL3L3","414062","ENSG00000277768","Microarray","19074876"
"mirtarbase","hsa-miR-215-5p","CCL3L1","414062","ENSG00000276085","Microarray","19074876"
"mirtarbase","hsa-miR-215-5p","CCL3L3","414062","ENSG00000276085","Microarray","19074876"
"mirtarbase","hsa-miR-215-5p","LCN10","414332","ENSG00000187922","HITS-CLIP","19536157"
"mirtarbase","hsa-miR-215-5p","FAM110C","642273","ENSG00000184731","PAR-CLIP","22012620"
"mirtarbase","hsa-miR-215-5p","C6orf132","647024","ENSG00000188112","PAR-CLIP","22012620"
"mirtarbase","hsa-miR-215-5p","ZBTB8B","728116","ENSG00000273274","HITS-CLIP","23824327"
"mirtarbase","hsa-miR-215-5p","FAM182B","728882","","PAR-CLIP","23446348"
"mirtarbase","hsa-miR-215-5p","FAM182B","728882","","PAR-CLIP//HITS-CLIP","21572407"
"mirtarbase","hsa-miR-215-5p","FAM182B","728882","","HITS-CLIP","23824327"
"mirtarbase","hsa-miR-215-5p","FAM182B","728882","","HITS-CLIP","23313552"
